{
 "comment":"Datapack made by TheDiamondPlayables! Don't Plagiarize!",
 "parent":"tdp_datapack_settings:multiplayer_sleep/sleeping_notifications/reduced",
 "display":{
            "icon":{
                    "item": "minecraft:red_bed"
                   },
            "title":{
                     "text": "Disabled",
                     "color": "red"
                    },
            "description":{
                           "text": "No notifications whenever someone's trying to sleep, or when the night is skipped.",
                           "color": "green"
                          },
            "frame": "task",
            "show_toast": false,
            "announce_to_chat": false,
            "hidden": false
           },
 "criteria":{
             "disabled":{
                         "trigger": "minecraft:impossible"
                        }
            },
 "requirements":[
                 ["disabled"]
                ],
 "rewards":{
            "function":"multiplayer_sleep:message/player/settings_notify/sleeping_notifications"
           }
}