{
 "comment":"Datapack made by TheDiamondPlayables! Don't Plagiarize!",
 "parent":"tdp_datapack_settings:multiplayer_sleep/sleeping_notifications",
 "display":{
            "icon":{
                    "item": "minecraft:lime_bed"
                   },
            "title":{
                     "text": "Enabled",
                     "color": "green"
                    },
            "description":{
                           "text": "You'll always receive notifications when someone's asleep, or the night is skipped.",
                           "color": "green"
                          },
            "frame": "task",
            "show_toast": false,
            "announce_to_chat": false,
            "hidden": false
           },
 "criteria":{
             "enabled":{
                        "trigger": "minecraft:impossible"
                       }
            },
 "requirements":[
                 ["enabled"]
                ],
 "rewards":{
            "function":"multiplayer_sleep:message/player/settings_notify/sleeping_notifications"
           }
}