{
 "comment":"Datapack made by TheDiamondPlayables! Don't Plagiarize!",
 "parent":"tdp_datapack_settings:multiplayer_sleep/sleeping_notifications/disabled",
 "display":{
            "icon":{
                    "item":"minecraft:barrier"
                   },
            "title":{
                     "text":"End of Settings",
                     "color":"green"
                    },
            "description":{
                           "text":"There are no settings after this. This is not even supposed to be here.",
                           "color":"green"
                          },
            "frame":"task",
            "show_toast": false,
            "announce_to_chat": false,
            "hidden": false
           },
 "criteria":{
             "end_trigger":{
                            "trigger":"minecraft:tick"
                           }
            },
 "requirements":[
                 ["end_trigger"]
                ]
}