{
 "comment":"Datapack made by TheDiamondPlayables! Don't Plagiarize!",
 "parent":"tdp_datapack_settings:multiplayer_sleep/sleeping_notifications/enabled",
 "display":{
            "icon":{
                    "item": "minecraft:yellow_bed"
                   },
            "title":{
                     "text": "Reduced",
                     "color": "yellow"
                    },
            "description":{
                           "text": "You'll only receive notifications if you are not AFK in the overworld.",
                           "color": "green"
                          },
            "frame": "task",
            "show_toast": false,
            "announce_to_chat": false,
            "hidden": false
           },
 "criteria":{
             "reduced":{
                        "trigger": "minecraft:impossible"
                       }
            },
 "requirements":[
                 ["reduced"]
                ],
 "rewards":{
            "function":"multiplayer_sleep:message/player/settings_notify/sleeping_notifications"
           }
}