{
 "comment":"Datapack made by TheDiamondPlayables! Don't Plagiarize!",
 "display":{
            "icon":{
                    "item": "minecraft:command_block"
                   },
            "title":{
                     "text": "Mechanics: Player Settings",
                     "color": "aqua"
                    },
            "description":{
                           "text": "The settings you chose in datapacks that are using the Mechanics system.",
                           "color": "green"
                          },
            "frame": "task",
            "show_toast": false,
            "announce_to_chat": false,
            "hidden": false,
            "background": "minecraft:textures/block/iron_block.png"
           },
 "criteria":{
             "thediamondoptions":{
                              "trigger": "minecraft:tick"
                             }
            },
 "requirements":[
                 ["thediamondoptions"]
                ]
}