{
 "comment":"Datapack made by TheDiamondPlayables! Don't Plagiarize!",
 "parent":"tdp_datapack_settings:player_settings",
 "display":{
            "icon":{
                    "item": "minecraft:red_bed"
                   },
            "title":{
                     "text": "Multiplayer Sleep",
                     "color": "aqua"
                    },
            "description":{
                           "text": "Settings for Multiplayer Sleep Datapack",
                           "color": "yellow"
                          },
            "frame": "goal",
            "show_toast": false,
            "announce_to_chat": false,
            "hidden": false
           },
 "criteria":{
             "multiplayer_sleep":{
                              "trigger": "minecraft:tick"
                             }
            },
 "requirements":[
                 ["multiplayer_sleep"]
                ],
 "rewards":{
            "function":"multiplayer_sleep:settings/player/default"
           }
}