{
 "comment":"Datapack made by TheDiamondPlayables! Don't Plagiarize!",
 "parent":"tdp_datapack_settings:multiplayer_sleep/multiplayer_sleep",
 "display":{
            "icon":{
                    "item": "minecraft:bell"
                   },
            "title":{
                     "text": "Sleeping Notifications",
                     "color": "green"
                    },
            "description":{
                           "text": "Sleeping Notifications Settings",
                           "color": "green"
                          },
            "frame": "task",
            "show_toast": false,
            "announce_to_chat": false,
            "hidden": false
           },
 "criteria":{
             "multiplayer_sleep":{
                              "trigger": "minecraft:tick"
                             }
            },
 "requirements":[
                 ["multiplayer_sleep"]
                ]
}